{"cameraMode":{"drawMode":0,"name":"Shaded","section":"Shading Mode"},"sceneLighting":false,"audioPlay":false,"sceneViewState":{"showFog":true,"showMaterialUpdate":true,"showSkybox":false,"showFlares":true,"showImageEffects":false,"showParticleSystems":true},"in2DMode":false,"pivot":{"x":0.0,"y":1.2112505435943604,"z":7.450580596923828e-7},"rotation":{"x":0.5077480673789978,"y":0.05986346676945686,"z":-0.03539753332734108,"w":0.8586924076080322},"size":1.2698938846588135,"orthographic":false}