{"cameraMode":{"drawMode":0,"name":"Shaded","section":"Shading Mode"},"sceneLighting":false,"audioPlay":false,"sceneViewState":{"showFog":true,"showMaterialUpdate":true,"showSkybox":false,"showFlares":true,"showImageEffects":false,"showParticleSystems":true},"in2DMode":false,"pivot":{"x":13.489999771118164,"y":1.3700000047683716,"z":-5.170000076293945},"rotation":{"x":0.4285791218280792,"y":0.09377028048038483,"z":-0.04478305205702782,"w":0.8975183963775635},"size":1.0146278142929078,"orthographic":false}