{"cameraMode":{"drawMode":0,"name":"Shaded","section":"Shading Mode"},"sceneLighting":false,"audioPlay":false,"sceneViewState":{"showFog":true,"showMaterialUpdate":true,"showSkybox":true,"showFlares":true,"showImageEffects":false,"showParticleSystems":true},"in2DMode":false,"pivot":{"x":436.3100891113281,"y":467.04571533203127,"z":124.09017181396485},"rotation":{"x":0.37153753638267519,"y":0.03814263641834259,"z":-0.015284537337720395,"w":0.9275186657905579},"size":541.965087890625,"orthographic":false}