{"cameraMode":{"drawMode":0,"name":"Shaded","section":"Shading Mode"},"sceneLighting":false,"audioPlay":false,"sceneViewState":{"showFog":true,"showMaterialUpdate":true,"showSkybox":false,"showFlares":true,"showImageEffects":false,"showParticleSystems":true},"in2DMode":false,"pivot":{"x":-1.156000018119812,"y":0.41100001335144045,"z":-1.5720000267028809},"rotation":{"x":0.3677518367767334,"y":0.4710691571235657,"z":-0.2251431941986084,"w":0.7695418000221252},"size":0.5923805236816406,"orthographic":false}