{"cameraMode":{"drawMode":0,"name":"Shaded","section":"Shading Mode"},"sceneLighting":false,"audioPlay":false,"sceneViewState":{"showFog":true,"showMaterialUpdate":true,"showSkybox":true,"showFlares":true,"showImageEffects":false,"showParticleSystems":true},"in2DMode":false,"pivot":{"x":-0.5684680938720703,"y":4.1802263259887699,"z":-0.03397488594055176},"rotation":{"x":0.029548661783337594,"y":-0.9670270681381226,"z":0.1325267106294632,"w":0.2155759185552597},"size":1.5187221765518189,"orthographic":false}