{"cameraMode":{"drawMode":0,"name":"Shaded","section":"Shading Mode"},"sceneLighting":false,"audioPlay":false,"sceneViewState":{"showFog":true,"showMaterialUpdate":true,"showSkybox":false,"showFlares":true,"showImageEffects":false,"showParticleSystems":true},"in2DMode":false,"pivot":{"x":-0.04867200180888176,"y":0.12000005692243576,"z":-0.3621790409088135},"rotation":{"x":0.2103191614151001,"y":-0.7108317613601685,"z":0.23815563321113587,"w":0.6275550127029419},"size":0.13245441019535066,"orthographic":false}