{"cameraMode":{"drawMode":0,"name":"Shaded","section":"Shading Mode"},"sceneLighting":false,"audioPlay":false,"sceneViewState":{"showFog":true,"showMaterialUpdate":false,"showSkybox":false,"showFlares":true,"showImageEffects":true,"showParticleSystems":true},"in2DMode":false,"pivot":{"x":0.0,"y":0.009315790608525277,"z":5.960464477539063e-8},"rotation":{"x":-0.4299902319908142,"y":-0.2423090934753418,"z":0.1186315193772316,"w":-0.8624061346054077},"size":0.0797169879078865,"orthographic":false}