{"cameraMode":{"drawMode":0,"name":"Shaded","section":"Shading Mode"},"sceneLighting":false,"audioPlay":false,"sceneViewState":{"showFog":true,"showMaterialUpdate":false,"showSkybox":false,"showFlares":true,"showImageEffects":true,"showParticleSystems":true},"in2DMode":false,"pivot":{"x":0.050672948360443118,"y":0.11999998986721039,"z":0.0010024011135101319},"rotation":{"x":-0.07939021289348602,"y":-0.1980741173028946,"z":0.0156895462423563,"w":-0.9770375490188599},"size":0.13197095692157746,"orthographic":false}