{"cameraMode":{"drawMode":0,"name":"Shaded","section":"Shading Mode"},"sceneLighting":false,"audioPlay":false,"sceneViewState":{"showFog":true,"showMaterialUpdate":true,"showSkybox":true,"showFlares":true,"showImageEffects":true,"showParticleSystems":true},"in2DMode":false,"pivot":{"x":6.377996444702148,"y":18.73420524597168,"z":49.24018478393555},"rotation":{"x":-0.13934150338172913,"y":-0.6531963348388672,"z":0.12385281920433045,"w":-0.7340664267539978},"size":12.129700660705567,"orthographic":false}