{"cameraMode":{"drawMode":0,"name":"Shaded","section":"Shading Mode"},"sceneLighting":true,"audioPlay":false,"sceneViewState":{"showFog":true,"showMaterialUpdate":false,"showSkybox":false,"showFlares":true,"showImageEffects":true,"showParticleSystems":true},"in2DMode":false,"pivot":{"x":0.7800009846687317,"y":0.6562402248382568,"z":7.570001125335693},"rotation":{"x":-0.4283120632171631,"y":0.40823623538017275,"z":-0.22594746947288514,"w":-0.7738762497901917},"size":0.7117162942886353,"orthographic":false}