{"cameraMode":{"drawMode":0,"name":"Shaded","section":"Shading Mode"},"sceneLighting":false,"audioPlay":false,"sceneViewState":{"showFog":true,"showMaterialUpdate":false,"showSkybox":false,"showFlares":true,"showImageEffects":true,"showParticleSystems":true},"in2DMode":false,"pivot":{"x":-5.513429641723633e-7,"y":0.12000001966953278,"z":0.0010462002828717232},"rotation":{"x":-0.07939021289348602,"y":-0.1980741173028946,"z":0.0156895462423563,"w":-0.9770375490188599},"size":0.22767804563045503,"orthographic":false}