{"cameraMode":{"drawMode":0,"name":"Shaded","section":"Shading Mode"},"sceneLighting":false,"audioPlay":false,"sceneViewState":{"showFog":true,"showMaterialUpdate":false,"showSkybox":false,"showFlares":true,"showImageEffects":true,"showParticleSystems":true},"in2DMode":false,"pivot":{"x":0.0,"y":1.2112505435943604,"z":0.0000012516975402832032},"rotation":{"x":-0.2339678406715393,"y":0.17475514113903047,"z":-0.042277608066797259,"w":-0.9557265043258667},"size":1.2418965101242066,"orthographic":false}