{"cameraMode":{"drawMode":0,"name":"Shaded","section":"Shading Mode"},"sceneLighting":false,"audioPlay":false,"sceneViewState":{"showFog":true,"showMaterialUpdate":false,"showSkybox":false,"showFlares":true,"showImageEffects":true,"showParticleSystems":true},"in2DMode":false,"pivot":{"x":0.0,"y":1.5195478200912476,"z":-0.6398805379867554},"rotation":{"x":-0.021531028673052789,"y":-0.936532199382782,"z":0.052814092487096789,"w":-0.3479591906070709},"size":1.265830636024475,"orthographic":false}