{"cameraMode":{"drawMode":0,"name":"Shaded","section":"Shading Mode"},"sceneLighting":false,"audioPlay":false,"sceneViewState":{"showFog":true,"showMaterialUpdate":false,"showSkybox":false,"showFlares":true,"showImageEffects":true,"showParticleSystems":true},"in2DMode":false,"pivot":{"x":0.09331221878528595,"y":0.7810935378074646,"z":-0.03970801830291748},"rotation":{"x":0.10633742809295654,"y":-0.009956937283277512,"z":-0.003479784820228815,"w":-0.9949072599411011},"size":1.3120713233947755,"orthographic":false}