{"cameraMode":{"drawMode":0,"name":"Shaded","section":"Shading Mode"},"sceneLighting":true,"audioPlay":false,"sceneViewState":{"showFog":true,"showMaterialUpdate":true,"showSkybox":false,"showFlares":true,"showImageEffects":true,"showParticleSystems":true},"in2DMode":false,"pivot":{"x":-0.10409346222877503,"y":1.2603765726089478,"z":-0.08876657485961914},"rotation":{"x":0.0017014567274600268,"y":0.9972171187400818,"z":0.023938316851854326,"w":-0.07072693854570389},"size":0.41454827785491946,"orthographic":false}