{"cameraMode":{"drawMode":0,"name":"Shaded","section":"Shading Mode"},"sceneLighting":true,"audioPlay":false,"sceneViewState":{"showFog":true,"showMaterialUpdate":false,"showSkybox":true,"showFlares":true,"showImageEffects":true,"showParticleSystems":true},"in2DMode":false,"pivot":{"x":0.4847487807273865,"y":1.869473934173584,"z":-13.739011764526368},"rotation":{"x":0.009412167593836785,"y":0.9870308041572571,"z":-0.1450093686580658,"w":0.07166191935539246},"size":0.7508463263511658,"orthographic":false}