{"cameraMode":{"drawMode":0,"name":"Shaded","section":"Shading Mode"},"sceneLighting":false,"audioPlay":false,"sceneViewState":{"showFog":true,"showMaterialUpdate":true,"showSkybox":false,"showFlares":true,"showImageEffects":true,"showParticleSystems":true},"in2DMode":false,"pivot":{"x":4.237280368804932,"y":1.6209826469421387,"z":-4.233332633972168},"rotation":{"x":0.37666359543800356,"y":0.6196079254150391,"z":-0.44188040494918826,"w":0.5281715393066406},"size":0.40410932898521426,"orthographic":false}