{"cameraMode":{"drawMode":0,"name":"Shaded","section":"Shading Mode"},"sceneLighting":false,"audioPlay":false,"sceneViewState":{"showFog":true,"showMaterialUpdate":true,"showSkybox":false,"showFlares":true,"showImageEffects":true,"showParticleSystems":true},"in2DMode":false,"pivot":{"x":98.19999694824219,"y":11.866988182067871,"z":111.08171081542969},"rotation":{"x":-0.2464417964220047,"y":-0.7512861490249634,"z":0.4644469618797302,"w":-0.3994506299495697},"size":14.273880958557129,"orthographic":false}