{"cameraMode":{"drawMode":0,"name":"Shaded","section":"Shading Mode"},"sceneLighting":false,"audioPlay":false,"sceneViewState":{"showFog":true,"showMaterialUpdate":true,"showSkybox":false,"showFlares":true,"showImageEffects":true,"showParticleSystems":true},"in2DMode":false,"pivot":{"x":-4.099999904632568,"y":12.45303726196289,"z":41.55381393432617},"rotation":{"x":0.06980225443840027,"y":-0.806185245513916,"z":0.0972745269536972,"w":0.5796520709991455},"size":15.698029518127442,"orthographic":false}