{"cameraMode":{"drawMode":0,"name":"Shaded","section":"Shading Mode"},"sceneLighting":false,"audioPlay":false,"sceneViewState":{"showFog":true,"showMaterialUpdate":false,"showSkybox":true,"showFlares":true,"showImageEffects":true,"showParticleSystems":true},"in2DMode":false,"pivot":{"x":-0.10621771961450577,"y":2.255976676940918,"z":-0.08282272517681122},"rotation":{"x":0.08494861423969269,"y":0.9147003889083862,"z":-0.2926127314567566,"w":0.2655920386314392},"size":1.5162550210952759,"orthographic":false}