{"cameraMode":{"drawMode":0,"name":"Shaded","section":"Shading Mode"},"sceneLighting":true,"audioPlay":false,"sceneViewState":{"showFog":true,"showMaterialUpdate":false,"showSkybox":false,"showFlares":true,"showImageEffects":true,"showParticleSystems":true},"in2DMode":false,"pivot":{"x":-0.007020309567451477,"y":1.6241304874420167,"z":0.018953025341033937},"rotation":{"x":-0.3862910568714142,"y":0.33051589131355288,"z":-0.1505780816078186,"w":-0.8478740453720093},"size":0.24523818492889405,"orthographic":false}