{"cameraMode":{"drawMode":0,"name":"Shaded","section":"Shading Mode"},"sceneLighting":false,"audioPlay":false,"sceneViewState":{"showFog":true,"showMaterialUpdate":false,"showSkybox":false,"showFlares":true,"showImageEffects":true,"showParticleSystems":true},"in2DMode":false,"pivot":{"x":0.047737181186676028,"y":2.499986171722412,"z":0.08516597747802735},"rotation":{"x":-0.0371820442378521,"y":-0.008682377636432648,"z":-0.00033389381133019924,"w":0.9992908239364624},"size":3.469625949859619,"orthographic":true}