{"cameraMode":{"drawMode":0,"name":"Shaded","section":"Shading Mode"},"sceneLighting":true,"audioPlay":false,"sceneViewState":{"showFog":true,"showMaterialUpdate":false,"showSkybox":false,"showFlares":true,"showImageEffects":true,"showParticleSystems":true},"in2DMode":false,"pivot":{"x":2.578157901763916,"y":-1.7476329803466797,"z":5.34022855758667},"rotation":{"x":0.3063405752182007,"y":0.526205837726593,"z":-0.21078991889953614,"w":0.7647690773010254},"size":5.674400329589844,"orthographic":false}