{"cameraMode":{"drawMode":0,"name":"Shaded","section":"Shading Mode"},"sceneLighting":false,"audioPlay":false,"sceneViewState":{"showFog":true,"showMaterialUpdate":true,"showSkybox":true,"showFlares":true,"showImageEffects":true,"showParticleSystems":true},"in2DMode":false,"pivot":{"x":-46.63389587402344,"y":48.5140266418457,"z":75.34529113769531},"rotation":{"x":-0.30358582735061648,"y":0.5477267503738403,"z":-0.22201386094093324,"w":-0.7476573586463928},"size":21.02789306640625,"orthographic":false}