{"cameraMode":{"drawMode":0,"name":"Shaded","section":"Shading Mode"},"sceneLighting":false,"audioPlay":false,"sceneViewState":{"showFog":true,"showMaterialUpdate":true,"showSkybox":false,"showFlares":true,"showImageEffects":true,"showParticleSystems":true},"in2DMode":false,"pivot":{"x":0.642906129360199,"y":-0.9199758768081665,"z":2.5179476737976076},"rotation":{"x":-0.02525927685201168,"y":-0.8529585599899292,"z":0.5200346112251282,"w":-0.04191111773252487},"size":0.5356420874595642,"orthographic":false}