{"cameraMode":{"drawMode":0,"name":"Shaded","section":"Shading Mode"},"sceneLighting":false,"audioPlay":false,"sceneViewState":{"showFog":true,"showMaterialUpdate":true,"showSkybox":false,"showFlares":true,"showImageEffects":true,"showParticleSystems":true},"in2DMode":false,"pivot":{"x":-0.15656661987304688,"y":-1.9775381088256837,"z":1.9424710273742676},"rotation":{"x":-0.19805513322353364,"y":-0.7564805746078491,"z":0.26540887355804446,"w":-0.5641531348228455},"size":12.129892349243164,"orthographic":false}