{"cameraMode":{"drawMode":0,"name":"Shaded","section":"Shading Mode"},"sceneLighting":true,"audioPlay":false,"sceneViewState":{"showFog":true,"showMaterialUpdate":false,"showSkybox":false,"showFlares":true,"showImageEffects":true,"showParticleSystems":true},"in2DMode":false,"pivot":{"x":0.1061137393116951,"y":1.1032953262329102,"z":0.027216587215662004},"rotation":{"x":-0.0945742204785347,"y":-0.3398728668689728,"z":0.034387603402137759,"w":-0.9350889325141907},"size":0.16844481229782105,"orthographic":false}