{"cameraMode":{"drawMode":0,"name":"Shaded","section":"Shading Mode"},"sceneLighting":false,"audioPlay":false,"sceneViewState":{"showFog":true,"showMaterialUpdate":false,"showSkybox":false,"showFlares":true,"showImageEffects":true,"showParticleSystems":true},"in2DMode":false,"pivot":{"x":-0.03208005428314209,"y":0.9233710765838623,"z":-0.13100385665893556},"rotation":{"x":0.0021470997016876938,"y":0.9582450985908508,"z":0.007190292701125145,"w":-0.2865620255470276},"size":1.1272484064102173,"orthographic":false}