{"cameraMode":{"drawMode":0,"name":"Shaded","section":"Shading Mode"},"sceneLighting":false,"audioPlay":false,"sceneViewState":{"showFog":true,"showMaterialUpdate":false,"showSkybox":false,"showFlares":true,"showImageEffects":true,"showParticleSystems":true},"in2DMode":false,"pivot":{"x":-13.458748817443848,"y":-2.8955466747283937,"z":10.730416297912598},"rotation":{"x":0.1250683218240738,"y":-0.47254908084869387,"z":0.06793307512998581,"w":0.8697623014450073},"size":17.53125,"orthographic":true}