{"cameraMode":{"drawMode":0,"name":"Shaded","section":"Shading Mode"},"sceneLighting":false,"audioPlay":false,"sceneViewState":{"showFog":true,"showMaterialUpdate":false,"showSkybox":true,"showFlares":true,"showImageEffects":true,"showParticleSystems":true},"in2DMode":false,"pivot":{"x":-2.5296106338500978,"y":19.996971130371095,"z":-0.19354248046875},"rotation":{"x":0.004560600034892559,"y":0.9995595812797546,"z":0.02084098383784294,"w":-0.04360078647732735},"size":12.131068229675293,"orthographic":false}