{"cameraMode":{"drawMode":0,"name":"Shaded","section":"Shading Mode"},"sceneLighting":true,"audioPlay":false,"sceneViewState":{"showFog":true,"showMaterialUpdate":false,"showSkybox":false,"showFlares":true,"showImageEffects":true,"showParticleSystems":true},"in2DMode":false,"pivot":{"x":-0.018521666526794435,"y":1.8357865810394288,"z":0.23485305905342103},"rotation":{"x":-0.14580535888671876,"y":0.5519207715988159,"z":-0.09871462732553482,"w":-0.8151125907897949},"size":0.6864607334136963,"orthographic":false}