{"cameraMode":{"drawMode":0,"name":"Shaded","section":"Shading Mode"},"sceneLighting":true,"audioPlay":false,"sceneViewState":{"showFog":true,"showMaterialUpdate":false,"showSkybox":false,"showFlares":true,"showImageEffects":true,"showParticleSystems":true},"in2DMode":false,"pivot":{"x":0.024949759244918824,"y":0.7752062082290649,"z":-0.03010338544845581},"rotation":{"x":0.4620004892349243,"y":0.5360351800918579,"z":-0.4673038423061371,"w":0.5299583673477173},"size":0.3348519504070282,"orthographic":false}