{"cameraMode":{"drawMode":0,"name":"Shaded","section":"Shading Mode"},"sceneLighting":false,"audioPlay":false,"sceneViewState":{"showFog":true,"showMaterialUpdate":false,"showSkybox":false,"showFlares":true,"showImageEffects":true,"showParticleSystems":true},"in2DMode":false,"pivot":{"x":-0.0032999999821186067,"y":0.35910001397132876,"z":0.0},"rotation":{"x":0.02099851332604885,"y":0.9648721218109131,"z":-0.08123273402452469,"w":0.24907363951206208},"size":0.27868643403053286,"orthographic":false}