{"cameraMode":{"drawMode":0,"name":"Shaded","section":"Shading Mode"},"sceneLighting":false,"audioPlay":false,"sceneViewState":{"showFog":false,"showMaterialUpdate":false,"showSkybox":false,"showFlares":false,"showImageEffects":false,"showParticleSystems":false},"in2DMode":false,"pivot":{"x":-0.10195142030715943,"y":0.3962765038013458,"z":-0.031659215688705447},"rotation":{"x":0.08134213089942932,"y":-0.9029558300971985,"z":0.19671016931533814,"w":0.3733960688114166},"size":0.23267240822315217,"orthographic":false}