{"cameraMode":{"drawMode":0,"name":"Shaded","section":"Shading Mode"},"sceneLighting":false,"audioPlay":false,"sceneViewState":{"showFog":true,"showMaterialUpdate":false,"showSkybox":false,"showFlares":true,"showImageEffects":true,"showParticleSystems":true},"in2DMode":false,"pivot":{"x":-0.07535114884376526,"y":0.11485132575035095,"z":-0.04222983121871948},"rotation":{"x":0.005073451902717352,"y":-0.9593655467033386,"z":0.01726856827735901,"w":0.2817080318927765},"size":0.25630417466163638,"orthographic":false}