{"cameraMode":{"drawMode":0,"name":"Shaded","section":"Shading Mode"},"sceneLighting":true,"audioPlay":false,"sceneViewState":{"showFog":true,"showMaterialUpdate":true,"showSkybox":true,"showFlares":true,"showImageEffects":true,"showParticleSystems":true},"in2DMode":false,"pivot":{"x":-4.152072906494141,"y":-6.8321075439453129,"z":24.617557525634767},"rotation":{"x":0.20387466251850129,"y":-0.7923314571380615,"z":0.4478995203971863,"w":0.36069563031196597},"size":133.36236572265626,"orthographic":false}