{"cameraMode":{"drawMode":0,"name":"Shaded","section":"Shading Mode"},"sceneLighting":false,"audioPlay":false,"sceneViewState":{"showFog":true,"showMaterialUpdate":false,"showSkybox":true,"showFlares":true,"showImageEffects":true,"showParticleSystems":true},"in2DMode":false,"pivot":{"x":0.18625235557556153,"y":2.538738965988159,"z":-0.5557612180709839},"rotation":{"x":0.014420393854379654,"y":0.9836982488632202,"z":-0.1538170576095581,"w":0.09233132004737854},"size":0.886536180973053,"orthographic":false}