{"cameraMode":{"drawMode":0,"name":"Shaded","section":"Shading Mode"},"sceneLighting":true,"audioPlay":false,"sceneViewState":{"showFog":true,"showMaterialUpdate":true,"showSkybox":true,"showFlares":true,"showImageEffects":true,"showParticleSystems":true},"in2DMode":false,"pivot":{"x":2.7219109535217287,"y":12.590034484863282,"z":27.269210815429689},"rotation":{"x":-0.34381604194641116,"y":-0.010991686955094338,"z":0.004016296472400427,"w":-0.9389735460281372},"size":24.09260368347168,"orthographic":false}