{"cameraMode":{"drawMode":0,"name":"Shaded","section":"Shading Mode"},"sceneLighting":false,"audioPlay":false,"sceneViewState":{"showFog":true,"showMaterialUpdate":false,"showSkybox":false,"showFlares":true,"showImageEffects":true,"showParticleSystems":true},"in2DMode":false,"pivot":{"x":-0.03411722928285599,"y":1.5752298831939698,"z":-0.04832196235656738},"rotation":{"x":-0.005284788087010384,"y":-0.9703882336616516,"z":0.020322833210229875,"w":-0.24117118120193482},"size":0.3381854295730591,"orthographic":false}