{"cameraMode":{"drawMode":0,"name":"Shaded","section":"Shading Mode"},"sceneLighting":false,"audioPlay":false,"sceneViewState":{"showFog":true,"showMaterialUpdate":false,"showSkybox":false,"showFlares":true,"showImageEffects":true,"showParticleSystems":true},"in2DMode":false,"pivot":{"x":-0.026079177856445314,"y":2.9759368896484377,"z":-0.07958984375},"rotation":{"x":0.000015762558177812025,"y":-0.9998905658721924,"z":-0.016190843656659128,"w":-0.0008925018482841551},"size":0.3540786802768707,"orthographic":true}